"id","supplier_name","supplier_contact","supplier_email","supplier_address","supplier_description","created_at","updated_at","deleted_at"
"1","Eka","87861695138","ekawiratha@gmail.com","Jl.ssls","Dwee","2021-10-19 16:42:25","2021-10-19 16:42:25",NULL
"4","Sinar Harapan","313891889","tidakadaemail@gmail.com","Jalan Larang Asem IV /79A Surabaya","Credit 1 Bulan 
Harga Sudah Termasuk PPN 10%
Up Ibu Lita ","2022-01-21 14:03:42","2022-01-21 14:52:52",NULL
"5","PT SUTINDO RAYA MULIA ","82141560428","tidakadaemail@gmail.com","Jl. Tj. Sari No.44I, Simomulyo, Kec. Sukomanunggal , Surabaya ","Credit 1 Bulan 			
Harga Sudah Termasuk PPN 10%			
Cp Bu Natalia ","2022-01-21 14:15:44","2022-01-21 14:56:34",NULL
"6","PT Putra Chandra Sentosa ","2129514991","tidakadaemail@gmail.com","Sentra Industri Terpadu Tahap III Blok H No. 6 Jl. Kamal Muara VII, Kamal MuaraPenjaringan, Kota Jkt","FRY-G171#Burner	
Barang Ready Stock 
Up Bapak Mahfudz Buhoriy","2022-01-21 14:17:44","2022-01-21 14:57:09",NULL
"7","Rinnai Jakarta ","81511299999","cso.jkt@bhakti.co.id","Jl. Raya Pejuangan No. 11 – 13, Komp. Ruko Sastra Graha No. 9 Kebon Jeruk, Jakarta 11530. Indonesia.","Cash Payment
Up CS Rinnai Jakarta","2022-01-21 14:20:23","2022-01-21 14:57:41",NULL
"8","LFKitchen ","361485206","sc-teknik@yahoo.com","Jln. Mandala Wangi No. 22C Denpasar-Bali ","Cash Payment 
Up Bapak Marsono 				
","2022-01-21 14:22:07","2022-02-11 16:18:30",NULL
"9","Toko Surya Jaya ","361721830","tidakadaemail@gmail.com","Jl. Ry Sesetan, Pedungan, Denpasar Selatan, Kota Denpasar, Bali 80223","Cash Payment 
Up Ko Aphin ","2022-01-21 14:23:30","2022-01-21 14:58:32",NULL
"10","CV KUMALA TEHNIK","361232774","tidakadaemail@gmail.com","Jl. Teuku Umar 155 Denpasar","Cash Payment 
","2022-01-21 14:24:31","2022-01-21 14:58:58",NULL
"11","GEDE DYNAMO","817351215","tidakadaemail@gmail.com","Jl. P Saelus No 61 Denpasar","Cash Payment 
","2022-01-21 14:44:50","2022-01-21 14:59:23",NULL
"12","BAPAK PUTU SUCIPTA","8133969112","tidakadaemail@gmail.com","Jl Tukad Irawadi Denpasar","Instalasi Ducting Exhaust 1lot					
Ongkos Material Bantu					
Biaya Bongkar Ducting Existing 					
Ducting Fresh Air					
Barang Ready 
DP 50% ,  Pelunasan 50%
Harga Ducting Tidak Termasuk Service Sipil,plafon Dan Atap
Harga Ducting Tidak Termasuk Pengadaan Kabel Dan Power Untuk Fan
","2022-01-21 14:46:03","2022-01-21 14:59:47",NULL
"13","PT MASTRADA SURYA","361228170","tidakadaemail@gmail.com","Jl. Pulau Kawe 36 Denpasar","Cash Payment 
Diskon 10%
Ppn 10%","2022-01-21 14:49:21","2022-01-21 14:49:21",NULL
"14","Tenno Jakarta","8155295136","tidakadaemail@gmail.com","Jakarta","Cash Before Delivery","2022-01-21 14:51:52","2022-01-21 14:51:52",NULL
"15","COOLMES COMMERCIAL KITCHEN EQUIPMENT Mfg. Co., Ltd","865432957787","expo3@coolmes.cn","Western Section Of Bocheng No 5 Road, Bochang Sub-District, Boxing Country, Binzhou City, Shandong Province (Western Binzhou Technical Institute), China","Term Of Payment : Deposit 30% Before Production
S/S 201
Delivery 40 Days After Deposit
Delivery Port Qingdao
1x40HQ Container
Repayment 70% Balance Before Loading
","2022-01-21 15:03:55","2022-01-21 15:03:55",NULL
"16","UNOX S.p.A","390498657511","info@unox.com","Via Majorana, 22 35010 - Cadoneghe (PD) Italy","Term Of Payment : B.T 50% In Advance + 50% At 60dd Invoice
Ship By Seafright","2022-01-21 15:05:37","2022-01-21 15:05:37",NULL
"17","PT ROYAL SUTAN AGUNG","82282221918","service.center@royalteknik.com","Jalan Raya Trosobo Km 12 No 18 Ds Tanjung Sari Kecamatan Taman Kabupaten Sidoarjo","Term Of Patment Bg 45 Hari 
Diskon 28%
Ppn 10%","2022-01-21 15:19:34","2022-01-21 15:19:34",NULL
"18","Shandong Baikai Commercial Kitchen Equipment Ltd.","8615006956877","cathyx@kfcater.com","No.108 Wanshida Road, Xingfu Town, Boxing County, Binzhou City, Shandong Province","Term Of Payment : 30% Deposit -70% Before Delivery
LOGO MUST EYE CATCHING
GAS PIPE MUST HEAD DOWN NOT STRAIGHT
THE GAS USE IS LPG
FOB
PRODUCTION 25 DAYS AFTER RECEIVED PO

","2022-01-21 15:22:18","2022-01-21 15:22:18",NULL
"19","Yen Teknik Fan ","6282227772877","tidakadaemail@gmail.com","Surabaya ","Term Of Payment : DP 50%
Franco Surabaya Harga Include Ppn 10%
Pelunasan 1 Minggu Dari Barang Dan Invoice Asli Diterima 
","2022-01-21 15:24:09","2022-01-21 15:24:09",NULL
"20","Air Fan Jakarta ","6289642827856","tidakadaemail@gmail.com","Jakarta","Term Of Payment :  CREDIT 1 BULAN
Franco Jakarta 
Ready Stock Jakarta Sudah Include Ppn 10%
Kredit 1 Bulan Setelah Po Diterima 
","2022-01-21 15:25:38","2022-01-21 15:25:38",NULL
"21","FOSHAN SKYPLANET IMPORT AND EXPORT CO., LTD.","8613929937783","jinzao001@yahoo.com","4/F, Foreign Trade Building, 1 Fenjiangxi Road, Foshan Guangdong China"," Cash Payment","2022-01-21 15:29:53","2022-01-21 15:29:53",NULL
"22","CBC ROYAL FIRST SRL","390438394977","info@royall.it","Via Martiri D. Foibe 15 Scomigo Di Conegliano Italy","Term Of Payment : Payment In Advance
EXWORK","2022-01-21 15:31:08","2022-01-21 15:31:08",NULL
"23","RATIONAL","4981913275329","m.fischer@rational-online.com","25 International Business Park #02-15/17 German Centre Singapore 609916","Term Of Payment : Payment In Advance
EXWORK SINGAPORE","2022-01-21 15:32:05","2022-01-21 15:32:05",NULL
"24","CV. MULYIKON ERINDOTAMA","2129385106","tidakadaemail@gmail.com","Jl. Jatinegara Kaum No.17A Kec. Pulo Gadung, Jakarta Timur","Cash Payment 
Ppn 10%","2022-01-21 15:33:13","2022-01-21 15:33:13",NULL
"25","Crown Horeca - Kitchen Equipment","6281282421660","tidakadaemail@gmail.com","Jl. Bandengan Selatan No. 43 Pejagalan, Jakarta Utara","Term Of Payment : Cash Payment  
Franco Jakarta Include Ppn 10%","2022-01-21 15:34:16","2022-01-21 15:34:16",NULL
"26","DNS PURE SUPPORT","60378805758","puresup@dsusa.biz","B-2-11, Block B Jalan SS 25/22 Taman Mayang 47301 Petaling Jaya, Selangor Malaysia","Term Of Payment : Payment In Advance 
","2022-01-21 15:35:41","2022-01-21 15:35:41",NULL
"27","CV. MULTIKON ERINDOTAMA","2129385106","tidakadaemail@gmail.com","Jl. Jatinegara Kaum No.17A Jakarta Timur","Term Of Payment : Cash Payment
Franco Jakarta Include Ppn 10%
","2022-01-21 15:37:51","2022-01-21 15:37:51",NULL
"28","GUANGZHOU GARBO INTERNATIONAL TRADING., LTD","2084791380","emma@garboglass.com","Room701, No.282 Yingbin Road, Dashi Panyu Guangzhou China","Term Of Payment : T/T 30% Deposit - 70% Balance
Delivery Time: 45 Working After Deposit
Price Exclude Document Such EBS, CIC, CIQ
","2022-01-21 15:40:48","2022-01-21 15:40:48",NULL
"29","PT TERANG ABADI LESTARI","82233651716","tidakadaemail@gmail.com","Jl. Mangga Dua Raya Block C No 24 Jakarta","Term Of Payment : Cash Payment 
Franco Jakarta 
Price Include PPN 
","2022-01-21 15:42:31","2022-01-21 15:42:31",NULL
"30","ENERGY GROSIR","8123837875","tidakadaemail@gmail.com","Jl. Nusa Kambangan No.49, Dauh Puri Kauh, Kec. Denpasar Bar., Kota Denpasar, Bali 80112","Term Of Payment : Cash Payment 
Franco Denpasar Include Ppn 10%","2022-01-21 15:43:39","2022-01-21 15:43:39",NULL
"31","AS KITCHEN","628170727858","tidakadaemail@gmail.com","Jl. Dewi Sri No.189 Legian Kuta ","Term Of Payment : Cash Payment 
Franco Denpasar Include Ppn 10%","2022-01-21 15:44:48","2022-01-21 15:44:48",NULL
"32","AS KITCHEN","628170727858","tidakadaemail@gmail.com","Jl. Dewi Sri No.189 Legian Kuta ","Term Of Payment : Cash Payment 
Franco Denpasar Include Ppn 10%","2022-01-21 15:44:49","2022-01-21 15:44:49",NULL
"33","PT Sango Ceramics Indonesia","248660050","salessupport@sango.com","Jl. Raya Randugarut No.Km 14, Wonosari, Semarang Jawa Tengah ","Term Of Payment : Cash Payment 
Diskon Berdasarkan Unit Yang Di Beli
Franco Semarang Include Ppn 10%
","2022-01-21 15:47:33","2022-01-21 15:47:33",NULL
"34","CV DUNIA HORECA","85810902227","foodservice@indoutensil.com","Jl. Plaju No 2 Jakarta Pusat","Term Of Payment : CASH PAYMENT
Diskon 15%+5%
FRANCO JAKARTA Include Ppn 10%","2022-01-21 15:48:45","2022-01-21 15:48:45",NULL
"35","FIMAR S.p.a","66861513950","fimarasia@fimarspa.it","Via Del Tesoro, 301 47826 Villa Verucchio (RN) - Italy","Term Of Payment : ADVANCED BANK TRANSFER 
Delivery Term : EX-WORK
Production : 10-12 Working Days From Receiving Of Payment
","2022-01-21 15:49:40","2022-01-21 15:49:40",NULL
"36","TAIZHOU SHANGYI PLASTIC CO.,LTD","0","tidakadaemail@gmail.com","Rm715-716, Junyue Mansion,Jaojiang, Taizhou, Zhejiang, China","Term Of Payment : CASH PAYMENT 
EXWORK 
","2022-01-21 15:50:23","2022-01-21 15:50:23",NULL
"37","BARI WAJAN BANDUNG","0","tidakadaemail@gmail.com","Bandung ","Term Of Payment :  Cash Payment
Franco Bandung","2022-01-21 15:52:30","2022-01-21 15:52:30",NULL
"38","PT BRATASENA JAYA","8128655768","tidakadaemail@gmail.com","Jl. RS Farmawati No 56 Jakarta","Term Of Payment :  Cash Payment
Diskon 45%
Franco Jakarta Include Ppn 10%","2022-01-21 15:54:07","2022-01-21 15:54:07",NULL
"39","Indonesia Utensil ","6285810902227","foodservice@indoutensil.com","Jl. Plaju No.2 Jakarta Pusat","Term Of Payment : Cash Payment 
Diskon 15%+5%
Franco Jakarta  Include Ppn 10%
","2022-01-21 15:55:23","2022-01-21 15:55:23",NULL
"40","PT SAN NENG BAKEWARE","2122651332","tidakadaemail@gmail.com","Jl. Griya Utama No 10 Sunter Agung Jakarta Utara","Term Of Payment :  Credit 1  Bulan 
Franco Jakarta Include Ppn 10%","2022-01-21 15:56:33","2022-01-21 15:56:33",NULL
"41","PAYUNG SARANA MAKMUR","6287788817028","tidakadaemail@gmail.com","Jakarta","Term Of Payment :  Cash Payment
Franco Jakarta Include Ppn 10%","2022-01-21 15:58:34","2022-01-21 15:58:34",NULL
"42","UD SM Gas","361222748","tidakadaemail@gmail.com","Jalan Nusa Kambangan 190 Denpasar ","Credit 1 Bulan 
","2022-01-21 16:05:04","2022-01-21 16:05:04",NULL
"43","Sinar Logam","361221341","tidakadaemail@gmail.com","Jalan Raya Sesetan No. 134B Denpasar ","Cash Payment ","2022-01-21 16:05:43","2022-01-21 16:05:43",NULL
"44","Sumber Mandiri ","361240253","tidakadaemail@gmail.com","Jalan Raya Sesetan No. 213C","Cash Payment ","2022-01-21 16:06:27","2022-01-21 16:06:27",NULL
"45","Taras","6281933012133","tidakadaemail@gmail.com"," Jl. Raya Sesetan No.214, Sesetan, Denpasar Selatan, Kota Denpasar, Bali 80223","Cash Payment ","2022-01-21 16:07:21","2022-01-21 16:07:21",NULL
"46","Wiswa Karya","6285100110035","tidakadaemail@gmail.com","Jl. Tukad Barito No.99x, Renon, Denpasar Selatan, Kota Denpasar, Bali 80226","Top Of Paymet Bg 14 Hari","2022-01-21 16:08:20","2022-01-21 16:08:20",NULL
"47","PERTAMA","3619005510","tidakadaemail@gmail.com","Jalan Mahendradatta No. 88C Denpasar ","Cash Payment ","2022-01-21 16:08:58","2022-01-21 16:08:58",NULL
"48","Toko Livana ","87779995858","tidakadaemail@gmail.com","Jalan Teuku Umar Barat Malboro  Denpasar","Cash Payment
Bg 14 Hari Untuk Pembelanjaan Di Atas Satu Juta 
","2022-01-21 16:10:52","2022-01-21 16:10:52",NULL
"49","SUMBER BAUT","3618452613","tidakadaemail@gmail.com","Jl. Imam Bonjol No.203, Pemecutan Klod ","Cash Payment  ","2022-01-21 16:11:39","2022-01-21 16:11:39",NULL
"50","UD SINAR MULIA","361724305","tidakadaemail@gmail.com","Jalan Raya Sesetan No. 14 Denpasar ","Cash Payment 			
","2022-01-21 16:12:22","2022-01-21 16:12:22",NULL
"51","RD JAYA CUSTOM","0","tidakadaemail@gmail.com","Denpasar ","Cash Payment			
","2022-01-21 16:12:50","2022-01-21 16:12:50",NULL
"52","Sukses Sejahtera","3618491461","tidakadaemail@gmail.com","Jl. WR Supratman No 19 ","Cash Payment ","2022-01-21 16:13:18","2022-01-21 16:13:18",NULL
"53","CV. Karya Pratama Perkasa - Jpt ","8815033830","tidakadaemail@gmail.com","Jl. Raya Sesetan No.35/37, Dauh Puri Klod, Kec. Denpasar Bar., Kota Denpasar, Bali 80113","Cash Payment ","2022-01-21 16:14:38","2022-01-21 16:14:38",NULL
"54","Service Centre Miyako Rinnai Shimizu","85100622991","tidakadaemail@gmail.com","Jl. Suradipa No.104, Peguyangan Kaja","Cash Payment ","2022-01-21 16:15:13","2022-01-21 16:15:13",NULL
"55","Bali Cool ","361484564","tidakadaemail@gmail.com","Jalan Imam Bonjol No. 230 Denpasar ","Cash Payment 			
","2022-01-21 16:15:53","2022-01-21 16:15:53",NULL
"56","Cemerlang Baut","361710856","tidakadaemail@gmail.com","Jl. Pulau Moyo No.94 Denpasar ","Cash Payment 			
","2022-01-21 16:16:37","2022-01-21 16:16:37",NULL
"57","Jasa Karya","361420242","tidakadaemail@gmail.com","Jalan Cokroaminoto  No. 49 Denpasar ","Cash Payment 			
","2022-01-21 16:18:06","2022-01-21 16:18:06",NULL
"58","Global Mart Sesetan ","361710079","tidakadaemail@gmail.com"," Jl. Gurita I No.38, Sesetan Denpasar ","Cash Payment ","2022-01-21 16:18:57","2022-01-21 16:18:57",NULL
"59","Listrik Rajawali Indah","8113804045","tidakadaemail@gmail.com"," Jl. Tukad Barito No.36C, Panjer, Denpasar Selatan, Kota Denpasar, Bali 80225","Cash Payment 			
","2022-01-21 16:20:04","2022-01-21 16:20:04",NULL
"60","CV Herito Mulia Jaya","81510055825","tidakadaemail@gmail.com","Bojong Sari , Depok Jawa Barat ","Cash Before Delivery ","2022-01-21 16:21:00","2022-01-21 16:21:00",NULL
"61","Aneka Guna","361223497","tidakadaemail@gmail.com","Jl. Waturenggong No 23/33 Denpasar ","Cash Payment 			
","2022-01-21 16:21:41","2022-01-21 16:21:41",NULL
"62","RODA JAYA","85792240325","tidakadaemail@gmail.com","Jl. Raya Pemogan No.999 Denpasar ","Cash Payment 			
","2022-01-21 16:22:38","2022-01-21 16:22:38",NULL
"63","Gentong Graha","361480208","tidakadaemail@gmail.com","Jalan Buana Raya Padang Sambian Denpasar ","Term Of Payment : Cash Payment","2022-01-21 16:23:29","2022-01-21 16:23:29",NULL
"64","Tuwed Interior Bali ","0","tidakadaemail@gmail.com","Perum Pasraman Unud Blok B No 8 Denpasar ","Pengerjaan 2-3 Minggu 			
Dp 50%			
Pelunasan 50% Setelah Barang Di Terima  			
","2022-01-21 16:26:04","2022-01-21 16:26:04",NULL
"65","Cv Hutama Karya Abadi","2189131808","tidakadaemail@gmail.com","Jln. Perjuangan Km 4 Teluk Pucung, Bekasi ","Franco Jakarta Include Ppn 10%				
Dp 50% Saat Po Diterima 				
Pelunasan 50% Sebelum Unit Dikirim 				
Penawaran Harga Sesuai Dengan Penawaran Yang Di Berikan 			
","2022-01-21 16:27:30","2022-01-21 16:27:30",NULL
"66","UD Adika Jaya ","87786690307","tidakadaemail@gmail.com","JL. Nakula, 5, Dangin Puri Kaja, Denpasar","Cash Payment","2022-01-21 16:28:46","2022-01-21 16:28:46",NULL
"67","UD Adika Jaya ","87786690307","tidakadaemail@gmail.com","JL. Nakula, 5, Dangin Puri Kaja, Denpasar","Cash Payment","2022-01-21 16:28:46","2022-01-21 16:28:46",NULL
"68","INTI SARANA BOGA","6281237148466","tidakadaemail@gmail.com","Denpasar ","Cash Payment 			
","2022-01-21 16:29:52","2022-01-21 16:29:52",NULL
"69","UD PALAPA ","361265756","tidakadaemail@gmail.com","Jalan Raya Sesetan Denpasar","Cash Payment 			
","2022-01-21 16:30:42","2022-01-21 16:30:42",NULL
"70","UD PURYA JAYA ","361462971","tidakadaemail@gmail.com","Jl. Gatot Subroto Tim. No.150, Kesiman Petilan, Kec. Denpasar Tim., Kota Denpasar, Bali 80237","Cash Payment 			
","2022-01-21 16:31:51","2022-01-21 16:31:51",NULL
"71","PT.KVG AIRE Teknika Jaya","6285714138040","tidakadaemail@gmail.com"," Jl Teluk Langsa No.68A Ciangsana Bogor","Frangko Jakarta			
Belum Biaya Pengiriman 			
Proses Pabrikasi Di Wokrshop 3-4 Harian 			
Pembayaran Setelah Barang Dikerjakan Dan Kirim 			
","2022-01-21 16:32:29","2022-01-21 16:32:29",NULL
"72","UD Megah Jaya","361490667","tidakadaemail@gmail.com","Jl. Mahendradatta Selatan No.8a Denpasar ","Cash Payment ","2022-01-21 16:33:16","2022-01-21 16:33:16",NULL
"73","Barito Teknik ","6282144505058","tidakadaemail@gmail.com","Jl. Imam Bonjol Depan Trans Mall","Cash Payment 
","2022-01-21 16:34:29","2022-01-21 16:34:29",NULL
"74","Toko Bangunan Maju Makmur","6281999056566","tidakadaemail@gmail.com","Jl. Raya Sesetan No.300, Sesetan, Denpasar Selatan, Kota Denpasar ","Cash Payment 			
","2022-01-21 16:35:57","2022-01-21 16:35:57",NULL
"75","PT. CITRA PLATINDO ","82133765501","cemerlanglestariplatindo@gmail.com","Jl. Manis II No. 27 A Kel. Manis Jaya, Kec. Jatiuwung Tangerang","BG Mundur 30 Hari
Price Include PPN 
Payment Ke BCA A/n PT. Citra Platindo 604 1838 288
","2022-01-22 16:18:07","2022-01-22 16:18:07",NULL
"76","PT. TISCO INTRANUSA SEJAHTERA","6283856155853","tidakadaemail@gmail.com","Jl. Sepat Lidah Kulon No.14D, Lidah Kulon,  Lakarsantri, Kota SBY, Jawa Timur 60213","BG 1 Bulan 
Harga Include PPN 10%
","2022-01-22 16:19:27","2022-01-22 16:19:27",NULL
"77","PT MULTI MAYAKA","622146832522","tidakadaemail@gmail.com","Jl. Rawa Gelam III No. 2  Jakarta 13930","DP 50%			
Pelunasan After Delivery			
Garansi 1 Tahun Full Sparepart & Service			
Price Include PPN 10%			
Ready Denpasar			
Franco Denpasar			
Include Install & Training 			
","2022-01-22 16:21:56","2022-01-22 16:21:56",NULL
"78","DHANA TON","8123964862","tidakadaemail@gmail.com","Jl. By Pass Ngurah Rai Denpasar Selatan","DP 50%			
Franco Bali			
Pengiriman Bertahap Mengikutin Permintaan 	
","2022-01-22 16:22:56","2022-01-22 16:22:56",NULL
"79","BAPAK KOMANG","8123755525","tidakadaemail@gmail.com","Denpasar ","DP 30%
Pelunasan 70% Setelah Pekerjaan Selesai
Pekerjaan Dapat Berfungsi Dengan Baik
","2022-01-22 16:23:35","2022-01-22 16:23:35",NULL
"80","PT AKOR CEMERLANG ABADI","628113287876","tidakadaemail@gmail.com","Jl. Gunung Anyar Emas C 2/6 Surabaya 60294","Cash Before Delivery Include Ppn 10%
","2022-01-22 16:24:24","2022-01-22 16:24:24",NULL
"81","PT.DIAMOND JACK INDONESIA ","2162200770","sales@diamondjack.co.id","Jl Hayam Wuruk No 127 Jakarta Barat 11180, Indonesia ","Cash Payment 
Harga Barang Including 10 % PPN
","2022-01-22 16:25:32","2022-01-22 16:25:32",NULL
"82","PT GLOBAL INTI STEEL","6281310499604","tidakadaemail@gmail.com","Daan Mogot KM 21 Ruko No 179 A-B Batu Ceper Tangerang Banten","Cash Payment			
Harga Include PPN 10%			
","2022-01-22 16:26:33","2022-01-22 16:26:33",NULL
"83","Toko WIKOWI NGEN","361244958","tidakadaemail@gmail.com","Jalan Pulau Moyo No 77 Pendungan - Dps","Cash Payment 			
","2022-01-22 16:27:21","2022-01-22 16:27:21",NULL
"84","UD PRIMA JAYA 2","361728733","tidakadaemail@gmail.com","Jalan Raya Sidakarya No 24 Denpasar","Cash Payment 
","2022-01-22 16:28:09","2022-01-22 16:28:09",NULL
"85","LASTI JAYA","6285100432783","tidakadaemail@gmail.com","Badung","Cash Payment 
Franco Bali			
","2022-01-22 16:29:04","2022-01-22 16:29:04",NULL
"86","LASTI JAYA","6285100432783","tidakadaemail@gmail.com","Badung","Cash Payment 
Franco Bali			
","2022-01-22 16:29:05","2022-01-22 16:29:05",NULL
"87","Toko Kawan Sedjati","6285710361923","tidakadaemail@gmail.com","Jl. Raya Mangga Besar No.1A Jakarta","Cash Payment Before Delivery 
","2022-01-22 16:29:46","2022-01-22 16:29:46",NULL
"88","CAHAYA NUSANTARA TEKNIK ","81235887787","tidakadaemail@gmail.com","Jl. Raya Lontar No.137A, Lontar Kec. Sambikerep, Surabaya","Cash Payment
","2022-01-22 16:30:26","2022-01-22 16:30:26",NULL
"89","Toko Besi Baja Lancar","3618466374","tidakadaemail@gmail.com","Jl. Mahendradatta Selatan No.44,","Cash Payment			
","2022-01-22 16:31:43","2022-01-22 16:31:43",NULL
"90","TK Indo Perkasa Chemical ","2162201273","tidakadaemail@gmail.com","LTC Glodok  GF-2 / C-3 / 1, 9.  Jl. Hayam No. 127 Jakarta","Cash Payment Before Delivery 
","2022-01-22 16:32:54","2022-01-22 16:32:54",NULL
"91","MODENA Indonesia","1500715","tidakadaemail@gmail.com","Jl. Kebo Iwa Utara No.21X, Padangsambian Kaja, Kec. Denpasar Bar., Kota Denpasar, Bali 80118","Term Of Payment : 30 Day Credit  
Price Include Ppn 10%","2022-01-22 16:36:37","2022-01-22 16:36:37",NULL
"92","HOUSE OF CULINAIRE BANDUNG","224224606","admin@houseofculinaire.com","Jl. Lengkong Besar No.52A, Cikawao, Kec. Lengkong, Kota Bandung, Jawa Barat 40261","Term Of Payment : DP 50%
- Ready Bandung			
- Franco Bandung			
- Price Include PPN 10%			
- Pelunasan Credit 14 Hari			

","2022-05-28 15:49:00","2022-05-28 15:49:00",NULL
"93","OZTIRYAKILER MADENI ESYA SAN. VE TIC. A.S ","905374625217","ooztiryaki@oztiryakiler.com.tr","Cumhuriyet Mah.Hadimkoy Yolu Caddesi No: 8 1Nolu Bagimsiz Bolum-Turkey ","Term Of Payment: CREDIT 60 DAYS
- EXWORK ISTANBUL

","2022-05-28 15:50:14","2022-05-28 15:50:14",NULL
"94","GREENFIELD WORLTRADE","85294514115","vyan@thelegacycompanies.com","3355 Enterprise Ave, Suite#160 Fort  ","Term Of Payment : CASH IN ADVANCE
- EXWORK Amsterdam 
","2022-05-28 15:52:25","2022-05-28 15:52:25",NULL
"95","Qingdao Linghongda International Trade Co,.LTD","81382131393","tidakadaemail@email.com","Pantai Indah Kapuk Jakarta Utara","Term Of Payment : CASH IN ADVANCE
- Ready Jakarta
- Franco Jakarta
Diskon 30%
","2022-05-28 15:55:33","2022-05-28 15:55:33",NULL
"96","Dapur Prima ","623618955855","tidakadaemail@email.com","Jalan Tukad Yeh Aya No.16 X, Panjer, Denpasar Selatan, Dauh Puri Klod, Kec. Denpasar Bar., Kota Denpasar, Bali 80234","Cash Payment","2022-05-28 15:56:48","2022-05-28 15:56:48",NULL
"97","ASKITCHEN ","6281807727857","tidakadaemail@email.com","Jl. Dewi Sri No.189, Legian, Kuta, Kabupaten Badung, Bali 80361","Term Of Payment : Cash Payment 
Remark
- Ready Bali 
- Cash Payment Before Delivery 
- Diskon By Product ","2022-05-28 15:59:39","2022-05-28 15:59:39",NULL
"98","Toko Jati Karya","6282236630381","tidakadaemail@email.com","Jl. Teuku Umar Barat No.56 Denpasar Barat 80119","Term Of Payment : Cash Payment			
- Ready Denpasar			
- Franco Denpasar			
","2022-05-28 16:00:53","2022-05-28 16:00:53",NULL
"99","CKE FAN TEHNIK","62895635998848","tidakadaemail@email.com","Jl. Kramat Raya, RT.18/RW.1, Paseban Kota Jakarta Pusat,","Term Of Payment : Cash Payment							
- Ready Jakarta			
- Franco Jakarta			
- Harga Include PPN 11%			
			
","2022-05-28 16:01:49","2022-05-28 16:01:49",NULL
"100","PT WAHANA BOGA NUSANTARA","8113961965","kitchenware@lotusfoodservices.co.id","Jl. Bypass Ngurah Rai No. 18 Jimbaran Bali 80361","Term Of Payment : DP 50%			
Balance Payment 50% Before Delivery
- Ready Denpasar			
- Franco Denpasar			
","2022-05-28 16:02:50","2022-05-28 16:02:50",NULL
"101","ROBOT COUPE ","330143988833","france@robot-coupe.fr","12, Avenue Du Maréchal Leclerc - 71300 Montceau-en-Bourgogne","Term Of Payment			: Cash Payment 
- CIF			
","2022-05-28 16:04:53","2022-05-28 16:04:53",NULL
"102","NINGBO DONGQIAN LAKE TOURISM ZONE BOXIN SANITARY HRADWARE CO.,LTD.","8657482832611","tidakadaemail@email.com","No. 25 Changcao Road, Dongqian Lake Zone Ningbo City Zhejiang China","Term Of Payment : Full Payment 
-Production Time : 7 Days After Received Full Payment

","2022-05-28 16:06:30","2022-05-28 16:06:30",NULL
"103","Qingdao Li Hongda International Trade Co. Ltd.","8618254380903","3073482693@qq.com","Room 1708D. 18 Baoding Road, Shinan Disctrict, Qingdao, Shandong China ","Term Of Payment : 30% Down Payment, 70% Balance Before Shipment 

- EXWORK
- Use Our Brand ""SUN EAST""
- Use Our Brand ""ATM COOL"" Is SD598W = 3 Unit 
- Cake Showcase Use 3 Layer
- Free 2% Part, Layer, Doors, And Compresor
- Delivery Time : 25 Days After Receiving Deposit
","2022-05-28 16:08:14","2022-05-28 16:08:14",NULL
"104","Guangzhou Unique Catering Equipment Co., Ltd","8618665717517","sales12@cn-kitchen.com","No.13 Dongjing Road, Donghua Industrial Park, Renhe Town Baiyun District, Guangzhou, China","Term Of Payment		: 30% Down Payment, 70% Balance Before Shipment											
- Use Our Brand "" Sun East""												
- 1 Container 20""												
- FOB Guangzhou 												
- Production 30-45 Days 												
","2022-05-28 16:09:49","2022-05-28 16:09:49",NULL
"105","MEHEN FOOD MACHINE MANUFATURE CO. LIMITED","9223372036854775807","sales@mehen.com","Xinling Road 1, Chunhua Street, JiangNing District Nanjing 211123 China","Term Of Payment			: 50% Down Payment, 50% Balance Before Shipment 																		
- EXWORK												
","2022-05-28 16:16:37","2022-05-28 16:17:20",NULL
"106","U.D. SUSANTI","6281284355080","info@auroraovens.com","Jl. Intan Permai 21 Kuta Badung 80361","Term Of Payment			: 40% Down Payment							   60% On Delivery										
- Delivery Time : 30 Days From Order												
- Use Brand Our Logo ""SUN EAST""												
- The Colour Is Black Mozaik												
","2022-05-28 16:18:24","2022-05-28 16:18:24",NULL
"107","RUMAH WEB ","274882257","info@rumahweb.com","Jalan Lempongsari No. 39C Sleman, Yogyakarta 55581","Term Of Payment : Cash Payment","2022-05-28 16:19:04","2022-05-28 16:19:04",NULL
"108","BRILIANT INTI JAYA ","6281380422947","tidakadaemail@email.com","Jakarta ","Term Of Payment: Cash Payment

","2022-05-28 16:27:12","2022-05-28 16:27:12",NULL
"109","TA BALI","81338168853","tidakadaemail@email.com"," Sunset Road Boulevard Komp Ruko Sunset Indah II Blok A8-9 Kuta, Kabupaten Badung BALI – INDONESIA","Term Of Payment : Cash Payment				
","2022-05-28 16:29:59","2022-05-28 16:29:59",NULL
"110","Alabaster Lighting / KDK","8781185208","tidakadaemail@email.com","Kuta Central Park Valet 1 No, Jl. Patih Jelantik No.9, Kuta, Kabupaten Badung, Bali 80361			 			","Term Of Payment : Cash Payment 

","2022-05-28 16:31:24","2022-05-28 16:31:24",NULL
"111","UD TUJUH DENPASAR ","361223015","tidakadaemail@email.com","Jl. Nakula No.15a, Dangin Puri Kauh,			","Cash Payment
","2022-05-28 16:32:09","2022-05-28 16:32:09",NULL
"112","Ud. Jasa Karya","361420242","tidakadaemail@email.com","Cokroaminoto St No.49, Pemecutan Kaja Denpasar Utara","Cash Payment 
","2022-05-28 16:32:53","2022-05-28 16:32:53",NULL
"113","MULTI DAYA LAMPU","361245255","tidakadaemail@email.com","Jl. Teuku Umar, Dauh Puri Kauh  Denpasar Barat","Term Of Payment : Cash Payment 

","2022-05-28 16:34:24","2022-05-28 16:34:24",NULL
"114","FOSHAN JIANTO IMPORT AND EXPORT TRADING CO.,LTD","8613929937783","jinzao001@yahoo.com","No.9-8901 8th Floor. North Gate, Building B Of Lelong International Creative City No 62 DongchongLongjiang Town, Shunde, Foshan Guangdong China","Term Of Payment			: 30% Deposit			
			  70% Balance Payment Before Delivery		
Remark	:		
-	EXW China 		
			
	
","2022-06-10 17:49:24","2022-06-10 17:49:24",NULL
"115","Depo Bangunan","3618475888","tidakadaemail@email.com","Jl. Teuku Umar Barat No.388, Padangsambian Klod, Ke. Denpasar Bar., Kota Denpasar, Bali 80117			 			","Term Of Payment			: Cash Payment
			
Remark	:		
- Ready Denpasar			
- Franco Denpasar			
","2022-06-10 17:51:00","2022-06-10 17:51:00",NULL
"116","Mitra 10","361724888","tidakadaemail@email.com"," Jl. Bypass Ngurah Rai No.840-842, Pedungan, Denpasar Selatan, Kota Denpasar, Bali 80221			 			","Term Of Payment			: Cash Payment
			
Remark	:		
- Ready Denpasar			
- Harga Include Diskon 15%			
- Franco Denpasar			
			
","2022-06-10 17:51:38","2022-06-10 17:51:38",NULL
"117","ACE HARWARE ","361222644","tidakadaemail@email.com","Jl. Teuku Umar No.93, Dauh Puri Klod, Kec. Denpasar Bar., Kota Denpasar, Bali 80113			 			","Term Of Payment			: Cash Payment
			
Remark	:		
- Ready Denpasar			
- Franco Denpasar			
","2022-06-10 17:52:17","2022-06-10 17:52:17",NULL
"118","PRAIM CO., Ltd","827046997788","sod6517@naver.com","627 Anggogaero, Namdong-gu, Incheon 627 Anggogaero, Namdong-gu, Incheon","Term Of Payment : T.T In Advance

","2022-06-10 17:53:20","2022-06-10 17:53:20",NULL
"119","PT Winterhalter Indonesia PMA","2122260500","theresia.lina@winterhalter.co.id","Jl. KH Hasyim Ashari NO 79A Cipondoh Tangerang 15119","Term Of Payment			: Cash Payment 
			
Remark	:		
-	Ready Tangerang		
-	Franco Tangerang		
","2022-06-10 17:54:16","2022-06-10 17:54:16",NULL
"120","Guangzhou Sunrry Kitchen Equipment","862023889550","seamy@sunrry.com","610, Block 2, Tian An Hi-tech Ecological Park 555, Panyu Avenue North, Panyu District Guangzhou, China 511400","Term Of Payment			: 30% Down Payment, 70% Balance Before Shipment 									
												
Remark		:										
- EXWORK Guangzhou												
- Delivery Time : 15-20 Work Days After Deposit												
- Logo ""SUN EAST"" Laser												
- Free Sparepart 2%												
- Body Use Stainless  Steel Thickness1.2mm												
- Finishing Body Instruction Used English Languange												
","2022-06-10 17:55:27","2022-06-10 17:55:27",NULL
"121","PT Andika Jaya Dewata ","6281999188969","tidakadaemail@email.com","Jl. Teuku Umar Barat No.368, Pemecutan Klod, Kec. Denpasar Bar., Kota Denpasar, Bali 80117			 			","Term Of Payment			: Cash Payment							 Diskon  		 Rp152,688 
										 Sub Total 		 Rp327,312 
Remark	:									 Tax  		 Rp36,004 
- Ready Denpasar										 Grand Total 		 Rp363,316 
- Franco Denpasar												
","2022-06-10 17:56:48","2022-06-10 17:56:48",NULL
"122","BRANDON INTERNATIONAL LIMITED","0","brlanchan@brandon.com.hk","Room 2305A World-Wide House Voeux Road Central Hongkong","Term Of Payment			 : Full Payment 						 Total  			 480.00 
												
												
Remark	:											
- Shipment By Airfright												
","2022-06-10 17:57:52","2022-06-10 17:57:52",NULL
"123","Atria Furniture Bali","6289519575876","tidakadaemail@email.com","JL. Bypass Ngurah Rai, No. 840 –842 Denpasar Selatan","Term Of Payment			: Cash Payment										
													
Remark	:												
-Ready Denpasar													
-Franco Denpasar													
","2022-06-10 17:59:10","2022-06-10 17:59:10",NULL
"124","CV.VELANDOS JAYA MANDIRI","81311387911","tidakadaemail@email.com","Jl. Duren VI Puri Harmoni 10  Blok D6 No.10 Kab.Bogor","Term Of Payment			: Cash Payment 									
												
Remark		:										
- Ready Jakarta												
- Franco Denpasar												
","2022-06-10 18:00:49","2022-06-10 18:00:49",NULL
"125","Cv Artic","361221597","tidakadaemail@email.com","Jalan Turi No 14 Kesiman Denpasar","Term Of Payment			: Credit 2 Weeks										
													
													
													
Remark		:											
-Ready Denpasar													
-Include PPN 11%													
","2022-06-10 18:01:18","2022-06-10 18:01:18",NULL
"126","Anugerah Dewata","87859667001","tidakadaemail@email.com","Jl. Sedap Malam Gg. Ratna Selatan No.107A Kesiman, Kec. Denpasar Timur","Term Of Payment			: Cash Payment							 Disc 		 Rp300,000 
										 Grand Total 		 Rp3,200,000 
Remark	:											
- Pekerjaan Berfungsi Dengan Baik												
- Garansi Produk 1 Tahun												
- Garansi Service 1 Bulan												
","2022-06-10 18:02:11","2022-06-10 18:02:11",NULL
"127","Anugerah Dewata","87859667001","tidakadaemail@email.com","Jl. Sedap Malam Gg. Ratna Selatan No.107A Kesiman, Kec. Denpasar Timur","Term Of Payment			: Cash Payment							 Disc 		 Rp300,000 
										 Grand Total 		 Rp3,200,000 
Remark	:											
- Pekerjaan Berfungsi Dengan Baik												
- Garansi Produk 1 Tahun												
- Garansi Service 1 Bulan												
","2022-06-10 18:02:11","2022-06-10 18:02:11",NULL
"128","Home Master ","81901405572","tidakadaemail@email.com","Sentra Pergudangan Elang Laut Tahap 1 Blok E1/36,Pik, Jakarta Utara 14460","Term Of Payment			: Cash Payment							 Disc 		 Rp120,000 
										 Grand Total 		 Rp3,780,000 
												
Remark	:											
- Ready Jakarta												
- Franco Jakarta												
","2022-06-10 18:02:59","2022-06-10 18:02:59",NULL
